id,ecephys_session_id,lfp_sampling_rate,name,phase,sampling_rate,has_lfp_data,unit_count,channel_count,ecephys_structure_acronyms
729445648,719161530,1249.99864243727,probeA,3a,29999.9674184945,True,87,374,['APN' 'LP' 'MB' 'DG' 'CA1' 'VISam' nan]
729445650,719161530,1249.996619981285,probeB,3a,29999.9188795509,True,202,368,['TH' 'Eth' 'APN' 'POL' 'LP' 'DG' 'CA1' 'VISpm' nan]
729445652,719161530,1249.999896707185,probeC,3a,29999.9975209724,True,207,373,['APN' 'NOT' 'MB' 'DG' 'SUB' 'VISp' nan]
729445654,719161530,1249.99670678197,probeD,3a,29999.9209627673,True,93,358,['grey' 'VL' 'CA3' 'CA2' 'CA1' 'VISl' nan]
729445656,719161530,1249.999979167835,probeE,3a,29999.9995000281,True,138,370,['PO' 'VPM' 'TH' 'LP' 'LGd' 'CA3' 'DG' 'CA1' 'VISal' nan]
729445658,719161530,1250.001693481385,probeF,3a,30000.0406435532,True,28,371,['DG' 'CA1' 'VISrl' nan]
733744647,732592105,1249.99647462834,probeB,3a,29999.9153910801,True,174,369,['grey' 'VISpm' nan]
733744649,732592105,1249.99965269256,probeC,3a,29999.9916646214,True,226,373,['grey' 'VISp' nan]
733744651,732592105,1249.99652826655,probeD,3a,29999.9166783973,True,134,366,['grey' 'VISl' nan]
733744653,732592105,1249.999365724765,probeE,3a,29999.9847773943,True,161,369,['grey' 'VISal' nan]
733744655,732592105,1250.00147192201,probeF,3a,30000.0353261282,True,129,370,['grey' 'VISrl' nan]
756781553,754312389,1249.998724879925,probeA,3a,29999.9693971182,True,93,374,['APN' 'POL' 'LP' 'DG' 'CA1' 'VISam' nan]
756781555,754312389,1249.99656351234,probeB,3a,29999.9175242961,True,73,370,['LGd' 'HPF' 'DG' 'CA3' 'CA1' 'VISpm' nan]
756781557,754312389,1249.999888025535,probeC,3a,29999.9973126128,True,191,374,['LGd' 'HPF' 'DG' 'CA1' 'VISp' nan]
756781559,754312389,1249.996780517115,probeD,3a,29999.9227324108,True,37,368,['CA3' 'CA2' 'CA1' 'VISl' nan]
756781561,754312389,1249.999987847735,probeE,3a,29999.9997083456,True,52,369,['grey' 'TH' 'LGd' 'CA3' 'CA2' 'CA1' 'VISal' nan]
756781563,754312389,1250.001676144905,probeF,3a,30000.0402274777,True,56,365,['CA1' 'VISrl' nan]
757904508,744228101,1249.9984290285,probeA,3a,29999.962296684,True,135,373,['APN' 'DG' 'CA1' 'VIS' nan]
757904510,744228101,1249.99628679463,probeB,3a,29999.9108830712,True,144,368,['Eth' 'TH' 'LP' 'POL' 'APN' 'DG' 'CA1' 'VIS' nan]
757904513,744228101,1249.99964383185,probeC,3a,29999.9914519644,True,131,374,['SGN' 'LP' 'DG' 'SUB' 'VISp' nan]
757904516,744228101,1249.996517563725,probeD,3a,29999.9164215295,True,44,371,['IGL' 'LGd' 'CA3' 'DG' 'CA1' 'VISl' nan]
757904520,744228101,1249.999694539775,probeE,3a,29999.9926689546,True,75,370,['VPL' 'TH' 'IGL' 'LGd' 'CA3' 'CA2' 'CA1' 'VISal' nan]
757904522,744228101,1250.00145515154,probeF,3a,30000.034923637,True,130,370,['Eth' 'LP' 'DG' 'CA3' 'CA1' 'VISrl' nan]
757904545,750332458,1249.99869683908,probeA,3a,29999.968724138,True,188,374,['grey' 'VISam' nan]
757904547,750332458,1249.99659089492,probeB,3a,29999.918181478,True,125,369,['grey' 'VISpm' nan]
757904550,750332458,1249.999852521165,probeC,3a,29999.996460508,True,201,373,['grey' 'VISp' nan]
757904554,750332458,1249.99676926486,probeD,3a,29999.9224623566,True,87,370,['IntG' 'IGL' 'LGd' 'CA3' 'DG' 'CA1' 'VISl' nan]
757904557,750332458,1249.99995170284,probeE,3a,29999.9988408681,True,192,370,['grey' 'VISal' nan]
757904559,750332458,1250.001685225965,probeF,3a,30000.0404454232,True,109,360,['grey' 'VISrl' nan]
757968489,739448407,1249.998515034655,probeA,3a,29999.9643608317,True,96,374,['grey' 'VISam' nan]
757968491,739448407,1249.99638781157,probeB,3a,29999.9133074777,True,99,369,['grey' 'VIS' nan]
757968493,739448407,1249.99968318921,probeC,3a,29999.9923965411,True,132,373,['grey' 'VISp' nan]
757968495,739448407,1249.99650599063,probeD,3a,29999.9161437751,True,76,370,['grey' 'VISl' nan]
757968497,739448407,1249.999824095015,probeE,3a,29999.9957782803,True,126,369,['grey' 'VIS' nan]
757968499,739448407,1250.001510419295,probeF,3a,30000.0362500631,True,96,366,['grey' 'VISrl' nan]
757984813,751348571,1249.998690277555,probeA,3a,29999.9685666614,True,136,374,['APN' 'MB' 'DG' 'CA1' 'VISam' nan]
757984818,751348571,1249.99654369124,probeB,3a,29999.9170485897,True,146,368,['PoT' 'Eth' 'LP' 'DG' 'CA1' 'VISpm' nan]
757984820,751348571,1249.99983541387,probeC,3a,29999.9960499328,True,188,369,['MGm' 'SGN' 'LP' 'DG' 'SUB' 'VISp' nan]
757984822,751348571,1249.99673962711,probeD,3a,29999.9217510506,True,81,372,['grey' 'LGv' 'CA3' 'DG' 'CA1' 'VISl' nan]
757984826,751348571,1249.99994426713,probeE,3a,29999.9986624111,True,174,370,['PO' 'LP' 'LGd' 'CA3' 'DG' 'CA1' 'VISrl' nan]
757984830,751348571,1250.00166414866,probeF,3a,30000.0399395679,True,134,364,['APN' 'POL' 'SGN' 'LP' 'DG' 'CA1' 'VISrl' nan]
757988387,737581020,1249.998763311095,probeA,3a,29999.9703194663,True,40,374,['grey' 'VISmma' nan]
757988389,737581020,1249.99664941561,probeB,3a,29999.9195859747,True,74,367,['grey' 'VISpm' nan]
757988391,737581020,1249.999935316905,probeC,3a,29999.9984476057,True,186,374,['grey' 'VISp' nan]
757988395,737581020,1249.996829002805,probeD,3a,29999.9238960673,True,61,365,['grey' 'VISl' nan]
757988398,737581020,1250.000018119985,probeE,3a,30000.0004348796,True,173,369,['grey' 'VISrl' nan]
757988400,737581020,1250.00179840841,probeF,3a,30000.0431618018,True,34,369,['grey' 'VISrl' nan]
760213137,721123822,1249.998782725105,probeA,3a,29999.9707854025,True,63,374,['MB' 'SCig' 'PPT' 'NOT' 'DG' 'CA1' 'VISam' nan]
760213142,721123822,1249.99679664501,probeB,3a,29999.9231194802,True,51,369,['LP' 'DG' 'CA1' 'VIS' nan]
760213145,721123822,1249.99999145772,probeC,3a,29999.9997949853,True,112,373,['LP' 'DG' 'CA1' 'ProS' 'VISp' nan]
760213147,721123822,1249.99681372957,probeD,3a,29999.9235295096,True,49,371,['LGv' 'CA3' 'DG' 'CA1' 'VISl' nan]
760213150,721123822,1250.000154089535,probeE,3a,30000.0036981489,True,70,371,['APN' 'POL' 'LP' 'LGd' 'HPF' 'CA3' 'DG' 'CA1' 'VISal' nan]
760213153,721123822,1250.001789392685,probeF,3a,30000.0429454245,True,99,371,['LP' 'HPF' 'DG' 'CA3' 'CA1' 'VISrl' nan]
760640033,754829445,1249.998712290405,probeA,3a,29999.9690949697,True,126,374,['APN' 'POL' 'LP' 'DG' 'CA1' 'VISam' nan]
760640037,754829445,1249.996568277805,probeB,3a,29999.9176386673,True,155,369,['PO' 'Eth' 'LP' 'TH' 'DG' 'CA1' 'VISpm' nan]
760640039,754829445,1249.999871098835,probeC,3a,29999.9969063721,True,229,374,['PO' 'LP' 'DG' 'CA1' 'VISp' nan]
760640043,754829445,1250.00001432235,probeE,3a,30000.0003437364,True,180,369,['VPM' 'LGd' 'CA3' 'CA2' 'CA1' 'VISrl' nan]
760640049,754829445,1250.001676583135,probeF,3a,30000.0402379952,True,142,365,['PoT' 'LP' 'LGd' 'CA3' 'DG' 'CA1' 'VISp' nan]
760640083,756029989,1249.997900443835,probeA,3a,29999.949610652,True,107,374,['APN' 'DG' 'CA1' 'VISam' nan]
760640087,756029989,1249.995939227245,probeB,3a,29999.9025414539,True,167,369,['PO' 'Eth' 'LP' 'DG' 'CA1' 'VISpm' nan]
760640090,756029989,1249.996053104335,probeC,3a,29999.9052745041,True,82,366,['POL' 'APN' 'MB' 'SCig' 'POST' 'SUB' 'VISp' nan]
760640094,756029989,1249.996053104335,probeD,3a,29999.9052745041,True,96,366,['TH' 'DG' 'CA3' 'CA1' 'VISl' nan]
760640097,756029989,1249.999388946565,probeE,3a,29999.9853347175,True,193,369,['VPM' 'TH' 'LGd' 'CA3' 'CA2' 'CA1' 'VISal' nan]
760640104,756029989,1250.000962472315,probeF,3a,30000.0230993355,True,39,370,['DG' 'CA1' 'VISrl' nan]
760642621,755434585,1249.998121563105,probeA,3a,29999.9549175145,True,122,372,['MB' 'SCig' 'PPT' 'NOT' 'DG' 'ProS' 'CA1' 'VISam' nan]
760642624,755434585,1249.995948165045,probeB,3a,29999.9027559611,True,99,369,['APN' 'LP' 'MB' 'DG' 'CA1' 'VISpm' nan]
760642628,755434585,1249.99926000971,probeC,3a,29999.982240233,True,169,372,['SGN' 'LP' 'DG' 'ProS' 'VISp' nan]
760642631,755434585,1249.99614221844,probeD,3a,29999.9074132426,True,53,369,['DG' 'CA3' 'CA1' 'VISl' nan]
760642634,755434585,1249.999398003235,probeE,3a,29999.9855520777,True,133,368,['MGv' 'MGd' 'TH' 'LGd' 'CA3' 'DG' 'CA1' 'VISal' nan]
760642637,755434585,1250.001058237865,probeF,3a,30000.0253977088,True,74,370,['grey' 'VISrl' nan]
760647905,746083955,1249.9988299164,probeA,3a,29999.9719179936,True,128,374,['grey' 'VISpm' nan]
760647907,746083955,1249.996685920485,probeB,3a,29999.9204620917,True,130,370,['grey' 'VISpm' nan]
760647909,746083955,1249.999949655155,probeC,3a,29999.9987917238,True,107,373,['grey' 'VISp' nan]
760647911,746083955,1249.99687254361,probeD,3a,29999.9249410467,True,41,367,['grey' 'VISl' nan]
760647913,746083955,1250.001798526125,probeE,3a,30000.0431646271,True,109,366,['VPM' 'TH' 'LGd' 'CA3' 'CA2' 'CA1' 'VISal' nan]
760647915,746083955,1250.001798526125,probeF,3a,30000.0431646271,True,67,366,['grey' 'VISrl' nan]
768908145,762120172,1249.99862749167,probeA,3a,29999.9670598,True,89,374,['grey' 'VISam' nan]
768908148,762120172,1249.9965601151,probeB,3a,29999.9174427625,True,104,370,['grey' 'VIS' nan]
768908152,762120172,1249.999792441955,probeC,3a,29999.9950186069,True,206,372,['grey' 'VISp' nan]
768908157,762120172,1249.99672009067,probeD,3a,29999.9212821761,True,93,371,['grey' 'VISl' nan]
768908160,762120172,1249.99992370396,probeE,3a,29999.998168895,True,225,373,['grey' 'VISal' nan]
768908579,761418226,1249.998579728885,probeA,3a,29999.9659134933,True,100,373,['APN' 'MB' 'DG' 'CA1' 'VISrl' nan]
768908582,761418226,1249.99653090704,probeB,3a,29999.916741769,True,119,369,['TH' 'Eth' 'LP' 'DG' 'CA1' 'VISpm' nan]
768908585,761418226,1249.999777942065,probeC,3a,29999.9946706095,True,144,373,['LGd' 'HPF' 'DG' 'CA1' 'VISp' nan]
768908587,761418226,1249.996604517405,probeD,3a,29999.9185084177,True,123,374,['grey' 'CA3' 'CA2' 'CA1' 'VISal' nan]
768908589,761418226,1249.99986791029,probeE,3a,29999.9968298469,True,160,372,['ZI' 'TH' 'LGv' 'IGL' 'CA3' 'DG' 'CA1' 'VISal' nan]
768908591,761418226,1250.001548680305,probeF,3a,30000.0371683274,True,66,369,['APN' 'POL' 'LP' 'DG' 'CA1' 'VISrl' nan]
768909178,762602078,1249.99854963946,probeA,3a,29999.9651913471,True,121,374,['MB' 'APN' 'NOT' 'DG' 'CA1' 'VISam' nan]
768909180,762602078,1249.996591138425,probeB,3a,29999.9181873222,True,46,369,['APN' 'PPT' 'MB' 'NOT' 'DG' 'HPF' 'SUB' 'ProS' 'CA1' 'VISmmp' nan]
768909182,762602078,1249.999808675845,probeC,3a,29999.9954082203,True,135,373,['SGN' 'LP' 'DG' 'POST' 'SUB' 'VISp' nan]
768909184,762602078,1249.996648741395,probeD,3a,29999.9195697935,True,59,372,['DG' 'CA1' 'VIS' nan]
768909186,762602078,1249.99987450781,probeE,3a,29999.9969881875,True,107,374,['LGv' 'CA3' 'DG' 'CA1' 'VIS' nan]
768909188,762602078,1250.001577909975,probeF,3a,30000.0378698394,True,63,371,['CA1' 'VISrl' nan]
769322712,742951821,1249.99876169617,probeA,3a,29999.970280708,True,187,372,['grey' 'VIS' nan]
769322714,742951821,1249.996659627325,probeB,3a,29999.9198310558,True,129,370,['grey' 'VISpm' nan]
769322716,742951821,1249.99995771557,probeC,3a,29999.9989851737,True,215,373,['grey' 'VISp' nan]
769322718,742951821,1249.996902498785,probeD,3a,29999.9256599708,True,155,367,['grey' 'VISl' nan]
769322720,742951821,1250.000076632025,probeE,3a,30000.0018391686,True,44,368,['VISal' nan]
769322722,742951821,1250.001757311625,probeF,3a,30000.042175479,True,163,369,['grey' 'VISrl' nan]
769322745,757216464,1249.99823956777,probeA,3a,29999.9577496264,True,138,372,['MRN' 'MB' 'APN' 'NOT' 'DG' 'CA1' 'VISam' nan]
769322747,757216464,1249.996293313425,probeB,3a,29999.9110395222,True,160,370,['Eth' 'TH' 'APN' 'DG' 'CA1' 'VIS' nan]
769322749,757216464,1249.999502011725,probeC,3a,29999.9880482814,True,243,373,['MGm' 'SGN' 'LP' 'DG' 'ProS' 'SUB' 'VISp' nan]
769322751,757216464,1249.996334981035,probeD,3a,29999.9120395448,True,121,370,['TH' 'LGv' 'HPF' 'CA3' 'DG' 'CA1' 'VISl' nan]
769322753,757216464,1249.999650534545,probeE,3a,29999.9916128291,True,226,369,['PO' 'LP' 'LGd' 'HPF' 'CA3' 'DG' 'CA1' 'VISal' nan]
769322755,757216464,1250.001240602365,probeF,3a,30000.0297744568,True,71,371,['LP' 'DG' 'CA3' 'CA1' 'VISrl' nan]
769322785,759883607,1249.998756993245,probeA,3a,29999.9701678378,True,121,374,['MB' 'SCig' 'PPT' 'NOT' 'SUB' 'ProS' 'CA1' 'VISam' nan]
769322789,759883607,1249.996756203735,probeB,3a,29999.9221488896,True,80,370,['POL' 'APN' 'MB' 'DG' 'CA1' 'VISpm' nan]
769322793,759883607,1249.99995920299,probeC,3a,29999.9990208718,True,120,373,['APN' 'MB' 'DG' 'ProS' 'SUB' 'VISp' nan]
769322797,759883607,1250.000090566385,probeE,3a,30000.0021735932,True,162,372,['MGm' 'MGv' 'TH' 'LGd' 'CA3' 'DG' 'CA1' 'VISal' nan]
769322802,750749662,1249.998609302415,probeA,3a,29999.9666232579,True,130,373,['PO' 'Eth' 'LP' 'DG' 'CA1' 'VISam' nan]
769322804,750749662,1249.996447311335,probeB,3a,29999.9147354721,True,144,369,['PO' 'LP' 'LD' 'DG' 'CA1' 'VISpm' nan]
769322806,750749662,1249.99974741513,probeC,3a,29999.9939379632,True,165,373,['LP' 'DG' 'CA1' 'VISp' nan]
769322808,750749662,1249.99663770194,probeD,3a,29999.9193048466,True,50,367,['LGv' 'IGL' 'CA3' 'DG' 'CA1' 'VISl' nan]
769322810,750749662,1249.99983626408,probeE,3a,29999.9960703379,True,197,370,['VPM' 'TH' 'LGd' 'CA3' 'CA2' 'CA1' 'VISal' nan]
769322812,750749662,1250.001566703125,probeF,3a,30000.0376008749,True,75,371,['LGd' 'CA3' 'DG' 'CA1' 'VISrl' nan]
769322820,760693773,1249.998752335795,probeA,3a,29999.9700560591,True,122,373,['grey' 'VISam' nan]
769322824,760693773,1249.996649822605,probeB,3a,29999.9195957425,True,76,369,['grey' 'VISpm' nan]
769322827,760693773,1249.999937703315,probeC,3a,29999.9985048795,True,209,372,['grey' 'VISp' nan]
769322829,760693773,1249.99678393353,probeD,3a,29999.9228144047,True,125,374,['grey' 'VISal' nan]
769322831,760693773,1250.000032878805,probeE,3a,30000.0007890914,True,163,374,['grey' 'VISal' nan]
769322833,760693773,1250.00178497313,probeF,3a,30000.0428393552,True,131,371,['grey' 'VISrl' nan]
769322852,757970808,1249.99840848174,probeA,3a,29999.9618035618,True,204,374,['MRN' 'MB' 'PPT' 'OP' 'NOT' 'SUB' 'ProS' 'CA1' 'VISam' nan]
769322856,757970808,1249.99969749435,probeC,3a,29999.9927398644,True,191,373,['MGd' 'SGN' 'LP' 'TH' 'DG' 'CA1' 'ProS' 'VISp' nan]
769322858,757970808,1249.996533554315,probeD,3a,29999.9168053036,True,109,369,['grey' 'DG' 'CA3' 'CA1' 'VISli' nan]
769322860,757970808,1249.99984939819,probeE,3a,29999.9963855566,True,167,369,['VPM' 'TH' 'LP' 'LGd' 'CA3' 'DG' 'CA1' 'VISal' nan]
769322862,757970808,1250.001398817385,probeF,3a,30000.0335716172,True,102,368,['LP' 'DG' 'CA3' 'CA1' 'VISrl' nan]
769325777,743475441,1249.99862938012,probeA,3a,29999.9671051229,True,89,373,['APN' 'DG' 'CA1' 'VISam' nan]
769325781,743475441,1249.996478505855,probeB,3a,29999.9154841405,True,117,369,['PO' 'Eth' 'LP' 'DG' 'CA1' 'VISmma' nan]
769325786,743475441,1249.99985375887,probeC,3a,29999.9964902129,True,118,374,['LP' 'DG' 'ProS' 'SUB' 'VISp' nan]
769326325,743475441,1249.99668999349,probeD,3a,29999.9205598438,True,58,369,['LGd' 'CA3' 'DG' 'CA1' 'VISl' nan]
769326329,743475441,1249.99983080989,probeE,3a,29999.9959394374,True,87,370,['PP' 'PIL' 'TH' 'MGv' 'HPF' 'CA3' 'DG' 'CA1' 'VISrl' nan]
769326332,743475441,1250.00158120757,probeF,3a,30000.0379489817,True,84,370,['LP' 'LGd' 'HPF' 'DG' 'CA3' 'CA1' 'VISrl' nan]
770930067,758798717,1249.99825005821,probeA,3a,29999.9580013971,True,177,374,['MB' 'PPT' 'OP' 'APN' 'NOT' 'HPF' 'SUB' 'ProS' 'CA1' 'VISam' nan]
770930071,758798717,1249.996240639285,probeB,3a,29999.9097753428,True,95,370,['APN' 'MB' 'DG' 'CA1' 'VISpm' nan]
770930073,758798717,1249.999540185935,probeC,3a,29999.9889644624,True,147,371,['MGd' 'SGN' 'LP' 'DG' 'SUB' 'VISp' nan]
770930077,758798717,1249.9995256024,probeE,3a,29999.9886144576,True,174,371,['MGv' 'MGd' 'TH' 'DG' 'CA1' 'VISal' nan]
773462985,767871931,1249.998499276065,probeA,3a,29999.9639826256,True,103,373,['APN' 'MB' 'DG' 'CA1' 'VISam' nan]
773462990,767871931,1249.99644725715,probeB,3a,29999.9147341716,True,149,370,['PO' 'LP' 'DG' 'CA1' 'VISpm' nan]
773462993,767871931,1249.99970933258,probeC,3a,29999.9930239819,True,204,373,['MGd' 'SGN' 'LP' 'DG' 'ProS' 'SUB' 'VISp' nan]
773462995,767871931,1249.99652764552,probeD,3a,29999.9166634925,True,85,372,['CA3' 'DG' 'CA1' 'VISli' nan]
773462997,767871931,1249.99987857125,probeE,3a,29999.99708571,True,93,372,['LT' 'MB' 'TH' 'DG' 'CA3' 'CA1' 'VISal' nan]
773462999,767871931,1250.00148633865,probeF,3a,30000.0356721276,True,79,371,['MRN' 'APN' 'MB' 'DG' 'CA1' 'VISrl' nan]
773463013,763673393,1249.99857390918,probeA,3a,29999.9657738203,True,97,371,['APN' 'MB' 'DG' 'CA1' 'VISam' nan]
773463015,763673393,1249.996450819555,probeB,3a,29999.9148196694,True,51,369,['Eth' 'TH' 'LP' 'POL' 'DG' 'CA1' 'VISam' nan]
773463017,763673393,1249.999750660405,probeC,3a,29999.9940158497,True,201,373,['LGd' 'DG' 'CA1' 'VISp' nan]
773463019,763673393,1249.996631858205,probeD,3a,29999.919164597,True,74,371,['CA3' 'CA2' 'CA1' 'VISl' nan]
773463023,763673393,1250.00002690882,probeE,3a,30000.0006458117,False,124,373,['ZI' 'MB' 'LGv' 'TH' 'CA3' 'DG' 'CA1' 'VIS' nan]
773463026,763673393,1250.00154047433,probeF,3a,30000.0369713839,True,82,370,['APN' 'MB' 'DG' 'CA1' 'VISrl' nan]
773549842,768515987,1249.998741523175,probeA,3a,29999.9697965562,True,104,372,['MB' 'APN' 'NOT' 'DG' 'CA1' 'VISam' nan]
773549846,768515987,1249.996694652455,probeB,3a,29999.9206716589,True,134,369,['Eth' 'LP' 'POL' 'TH' 'DG' 'CA1' 'VISmma' nan]
773549848,768515987,1249.99993108732,probeC,3a,29999.9983460956,True,123,373,['POL' 'LP' 'DG' 'CA1' 'ProS' 'VISp' nan]
773549850,768515987,1249.99682181276,probeD,3a,29999.9237235062,True,87,372,['CA3' 'CA2' 'CA1' 'VISl' nan]
773549852,768515987,1250.000119776805,probeE,3a,30000.0028746433,True,233,370,['MGm' 'MGv' 'MGd' 'TH' 'LGd' 'CA3' 'DG' 'CA1' 'VISal' nan]
773549856,768515987,1250.00174255826,probeF,3a,30000.0418213982,True,121,361,['RPF' 'MB' 'APN' 'DG' 'CA1' 'VISrl' nan]
773592315,766640955,1249.99868744608,probeA,3a,29999.968498706,True,122,374,['MB' 'APN' 'NOT' 'DG' 'CA1' 'VISam' nan]
773592318,766640955,1249.996615891735,probeB,3a,29999.9187814017,True,116,370,['PF' 'TH' 'LP' 'MB' 'APN' 'DG' 'CA1' 'VISmma' nan]
773592320,766640955,1249.99984068252,probeC,3a,29999.9961763805,True,212,373,['LP' 'DG' 'CA1' 'VISp' nan]
773592324,766640955,1249.996620162985,probeD,3a,29999.9188839116,True,76,372,['MGd' 'TH' 'DG' 'CA3' 'CA1' 'VISl' nan]
773592328,766640955,1250.000054244825,probeE,3a,30000.0013018758,True,223,373,['VPM' 'TH' 'LGd' 'CA3' 'DG' 'CA1' 'VISal' nan]
773592330,766640955,1250.00161324964,probeF,3a,30000.0387179914,True,93,371,['MB' 'APN' 'DG' 'CA1' 'VISrl' nan]
773621937,771160300,1249.99839649285,probeA,3a,29999.9615158284,True,196,373,['SCig' 'PPT' 'NOT' 'SUB' 'ProS' 'CA1' 'VISam' nan]
773621939,771160300,1249.99632101642,probeB,3a,29999.911704394,True,110,368,['APN' 'NOT' 'MB' 'DG' 'ProS' 'CA1' 'VISpm' nan]
773621942,771160300,1249.99961885934,probeC,3a,29999.9908526241,True,181,372,['LP' 'DG' 'CA1' 'VISp' nan]
773621945,771160300,1249.996435613275,probeD,3a,29999.9144547186,True,154,372,['CA3' 'CA2' 'CA1' 'VISli' nan]
773621948,771160300,1249.99972921187,probeE,3a,29999.9935010848,True,195,374,['ZI' 'IntG' 'IGL' 'LGd' 'CA3' 'DG' 'CA1' 'VISal' nan]
773621950,771160300,1250.00138874415,probeF,3a,30000.0333298596,True,94,371,['PPT' 'OP' 'NOT' 'SUB' 'ProS' 'CA1' 'VIS' nan]
773654723,771990200,1249.998488860035,probeA,3a,29999.9637326408,True,57,373,['APN' 'MB' 'DG' 'CA1' 'VISam' nan]
773654726,771990200,1249.996433917335,probeB,3a,29999.9144140161,True,95,370,['PO' 'LP' 'DG' 'CA1' 'VISpm' nan]
773654728,771990200,1249.999475025975,probeC,3a,29999.9874006234,True,120,373,['LGd' 'TH' 'DG' 'CA1' 'ProS' 'VISp' nan]
773654730,771990200,1249.9965550508,probeD,3a,29999.9173212192,True,62,372,['CA3' 'CA2' 'CA1' 'VISli' nan]
773654732,771990200,1249.99982998053,probeE,3a,29999.9959195327,True,145,374,['TH' 'LGd' 'CA3' 'DG' 'CA1' 'VISal' nan]
773654734,771990200,1250.001460956105,probeF,3a,30000.0350629465,True,67,367,['APN' 'POL' 'LP' 'DG' 'CA1' 'VISrl' nan]
792586836,787025148,1249.9984648828,probeA,3a,29999.9631571872,True,175,373,['SCiw' 'SCig' 'PPT' 'NOT' 'DG' 'SUB' 'ProS' 'CA1' 'VISam' nan]
792586840,787025148,1249.99643802463,probeB,3a,29999.9145125912,True,33,369,['APN' 'PPT' 'NOT' 'SUB' 'VIS' nan]
792586842,787025148,1249.999697490335,probeC,3a,29999.992739768,True,188,374,['POL' 'SGN' 'LP' 'DG' 'SUB' 'ProS' 'VISp' nan]
792586845,787025148,1249.99652482798,probeD,3a,29999.9165958715,True,120,372,['CA3' 'DG' 'CA1' 'VISli' nan]
792586848,787025148,1249.999840715855,probeE,3a,29999.9961771806,True,125,372,['grey' 'MB' 'PP' 'TH' 'MGv' 'DG' 'CA3' 'CA1' 'VISal' nan]
792586852,787025148,1250.00144223762,probeF,3a,30000.0346137029,True,55,371,['APN' 'LP' 'DG' 'CA1' 'VISrl' nan]
792586876,781842082,1249.998703592705,probeA,3a,29999.9688862249,True,106,374,['MB' 'APN' 'NOT' 'DG' 'CA1' 'VISam' nan]
792586879,781842082,1249.996637674155,probeB,3a,29999.9193041797,True,111,369,['POL' 'APN' 'MB' 'DG' 'CA1' 'VISmma' nan]
792586881,781842082,1249.999953560235,probeC,3a,29999.9988854456,True,208,373,['SGN' 'TH' 'DG' 'PRE' 'POST' 'SUB' 'HPF' 'VISp' nan]
792586883,781842082,1249.9966940963,probeD,3a,29999.9206583112,True,123,372,['grey' 'CA3' 'CA2' 'CA1' 'VISal' nan]
792586887,781842082,1250.000014322545,probeE,3a,30000.0003437411,True,186,373,['MGm' 'TH' 'MGv' 'LGd' 'CA3' 'CA2' 'DG' 'CA1' 'VISal' nan]
792586891,781842082,1250.001689626245,probeF,3a,30000.0405510299,True,99,371,['APN' 'LP' 'DG' 'CA1' 'VISrl' nan]
792602650,774875821,1249.99835965134,probeA,3a,29999.9606316321,True,121,373,['SCig' 'NOT' 'MB' 'HPF' 'SUB' 'ProS' 'CA1' 'VISam' nan]
792602652,774875821,1249.99629631969,probeB,3a,29999.9111116725,True,66,369,['APN' 'LP' 'MB' 'DG' 'CA1' 'VISmma' nan]
792602654,774875821,1249.999606247545,probeC,3a,29999.990549941,True,150,374,['DG' 'CA1' 'VISp' nan]
792602656,774875821,1249.996356500195,probeD,3a,29999.9125560047,True,77,372,['DG' 'CA1' 'VISl' nan]
792602658,774875821,1249.99970081691,probeE,3a,29999.9928196059,True,149,374,['MGv' 'MGd' 'DG' 'CA3' 'CA1' 'VISal' nan]
792602660,774875821,1250.001360079445,probeF,3a,30000.0326419067,True,86,371,['APN' 'LP' 'DG' 'CA1' 'VISrl' nan]
792607545,778240327,1249.998708277155,probeA,3a,29999.9689986517,True,155,374,['APN' 'NOT' 'HPF' 'SUB' 'ProS' 'CA1' 'VISam' nan]
792607547,778240327,1249.99663676227,probeB,3a,29999.9192822945,True,150,370,['LP' 'DG' 'CA1' 'VISpm' nan]
792607549,778240327,1249.999947084075,probeC,3a,29999.9987300178,True,180,374,['LP' 'DG' 'CA1' 'VISp' nan]
792607553,778240327,1249.996739312515,probeD,3a,29999.9217435003,True,102,372,['grey' 'CA3' 'CA2' 'CA1' 'VISl' nan]
792607557,778240327,1250.00003322628,probeE,3a,30000.0007974307,True,143,373,['ZI' 'IntG' 'IGL' 'TH' 'LGd' 'CA3' 'DG' 'CA1' 'VISal' nan]
792607559,778240327,1250.001682234165,probeF,3a,30000.04037362,True,54,371,['APN' 'POL' 'LP' 'DG' 'CA1' 'VISrl' nan]
792623916,786091066,1249.99856297983,probeA,3a,29999.9655115159,True,97,374,['SCig' 'PPT' 'NOT' 'SUB' 'ProS' 'CA1' 'VISam' nan]
792623919,786091066,1249.99657519596,probeB,3a,29999.917804703,True,104,369,['PPT' 'NOT' 'SUB' 'ProS' 'VISpm' nan]
792623921,786091066,1249.999773878735,probeC,3a,29999.9945730896,True,145,374,['grey' 'DG' 'SUB' 'VISp' nan]
792623925,786091066,1249.99667067903,probeD,3a,29999.9200962967,True,96,371,['CA3' 'CA2' 'CA1' 'VISal' nan]
792623928,786091066,1249.99987370194,probeE,3a,29999.9969688466,True,171,373,['MGd' 'DG' 'CA3' 'CA1' 'VISal' nan]
792623931,786091066,1250.001588057025,probeF,3a,30000.0381133686,True,87,371,['APN' 'MB' 'DG' 'CA1' 'VISrl' nan]
792626841,778998620,1249.99831686353,probeA,3a,29999.9596047248,True,121,371,['APN' 'NOT' 'DG' 'CA1' 'VISam' nan]
792626844,778998620,1249.99632925104,probeB,3a,29999.911902025,True,75,369,['APN' 'LP' 'MB' 'DG' 'CA1' 'VISpm' nan]
792626847,778998620,1249.9996404824,probeC,3a,29999.9913715776,True,219,374,['SGN' 'LP' 'DG' 'SUB' 'VISp' nan]
792626851,778998620,1249.99639040835,probeD,3a,29999.9133698004,True,134,371,['CA3' 'CA2' 'CA1' 'VISl' nan]
792626853,778998620,1249.99968853457,probeE,3a,29999.9925248297,True,136,373,['ZI' 'MB' 'LGv' 'CA3' 'DG' 'CA1' 'VISal' nan]
792626855,778998620,1250.001365992145,probeF,3a,30000.0327838115,True,108,371,['APN' 'POL' 'LP' 'DG' 'CA3' 'CA1' 'VISrl' nan]
792645490,779839471,1249.998434182545,probeA,3a,29999.9624203811,True,109,374,['MB' 'PPT' 'OP' 'NOT' 'HPF' 'SUB' 'ProS' 'CA1' 'VISam' nan]
792645493,779839471,1249.996398749225,probeB,3a,29999.9135699814,True,148,369,['TH' 'POL' 'APN' 'DG' 'CA1' 'VISpm' nan]
792645497,779839471,1249.99974082724,probeC,3a,29999.9937798538,True,196,374,['LP' 'DG' 'CA1' 'ProS' 'VISp' nan]
792645499,779839471,1249.996467746965,probeD,3a,29999.9152259272,True,124,372,['CA3' 'CA2' 'CA1' 'VIS' nan]
792645501,779839471,1249.999796887905,probeE,3a,29999.9951253097,True,206,373,['TH' 'LGd' 'CA3' 'DG' 'CA1' 'VIS' nan]
792645504,779839471,1250.001478707805,probeF,3a,30000.0354889874,True,80,358,['APN' 'LP' 'MB' 'DG' 'CA1' 'VISrl' nan]
792676154,773418906,1249.998518276065,probeA,3a,29999.9644386255,True,19,373,['PPT' 'NOT' 'SUB' 'ProS' 'CA1' 'VISam' nan]
792676156,773418906,1249.996521657375,probeB,3a,29999.9165197769,True,42,369,['APN' 'NOT' 'DG' 'ProS' 'CA1' 'VISmmp' nan]
792676158,773418906,1249.999799044425,probeC,3a,29999.9951770662,True,72,374,['APN' 'MB' 'SCig' 'DG' 'HPF' 'POST' 'SUB' 'VISp' nan]
792676160,773418906,1249.99657771794,probeD,3a,29999.9178652306,True,121,372,['CA3' 'CA2' 'CA1' 'VISal' nan]
792676162,773418906,1249.99986804205,probeE,3a,29999.9968330092,True,237,373,['MGv' 'MGd' 'TH' 'DG' 'CA3' 'CA1' 'VISal' nan]
792676164,773418906,1250.001480861465,probeF,3a,30000.0355406752,True,55,371,['APN' 'NOT' 'MB' 'DG' 'CA1' 'VISrl' nan]
800036196,798911424,1249.99858225964,probeA,3a,29999.9659742314,True,143,374,['APN' 'MB' 'NOT' 'DG' 'CA1' 'VISam' nan]
800036198,798911424,1249.99655003125,probeB,3a,29999.9172007499,True,118,368,['LP' 'DG' 'CA1' 'VISam' nan]
800036200,798911424,1249.999835333275,probeC,3a,29999.9960479985,True,167,374,['DG' 'ProS' 'SUB' 'VISp' nan]
800036202,798911424,1249.996662486575,probeD,3a,29999.9198996778,True,129,372,['CA3' 'CA2' 'CA1' 'VISl' nan]
800036204,798911424,1249.99997590243,probeE,3a,29999.9994216583,True,152,374,['LGv' 'CA3' 'CA2' 'CA1' 'VISal' nan]
800036206,798911424,1250.001602488395,probeF,3a,30000.0384597215,True,116,371,['APN' 'TH' 'Eth' 'LP' 'DG' 'HPF' 'CA3' 'CA1' 'VISrl' nan]
805002027,789848216,1249.998592552715,probeA,3a,29999.9662212651,True,85,373,['POL' 'APN' 'TH' 'DG' 'CA1' 'VISam' nan]
805002029,789848216,1249.996580708675,probeB,3a,29999.9179370082,True,63,369,['LP' 'DG' 'CA1' 'VISmmp' nan]
805002031,789848216,1249.999853645725,probeC,3a,29999.9964874975,True,45,373,['CA3' 'DG' 'CA1' 'VISp' nan]
805002033,789848216,1249.99668193353,probeD,3a,29999.9203664047,True,43,372,['CP' 'VISl' nan]
805002035,789848216,1249.999992829905,probeE,3a,29999.9998279177,True,80,372,['grey' 'CA3' 'CA2' 'CA1' 'VISal' nan]
805002037,789848216,1250.001578686005,probeF,3a,30000.0378884641,True,99,371,['LP' 'LD' 'CA3' 'CA2' 'CA1' 'VISrl' nan]
805008600,791319847,1249.99842653889,probeA,3a,29999.9622369333,True,53,373,['APN' 'DG' 'CA1' 'VISam' nan]
805008602,791319847,1249.99638418153,probeB,3a,29999.9132203568,True,22,369,['LP' 'TH' 'DG' 'CA1' 'VISpm' nan]
805008604,791319847,1249.99971560073,probeC,3a,29999.9931744176,True,159,373,['LGd' 'TH' 'DG' 'ProS' 'SUB' 'VISp' nan]
805008606,791319847,1249.99648488949,probeD,3a,29999.9156373477,True,104,372,['CA3' 'CA2' 'CA1' 'VISl' nan]
805008608,791319847,1249.99982839364,probeE,3a,29999.9958814474,True,116,371,['ZI' 'LGv' 'CA3' 'CA2' 'CA1' 'VISal' nan]
805008610,791319847,1250.00147597581,probeF,3a,30000.0354234194,True,101,371,['APN' 'TH' 'POL' 'LP' 'DG' 'CA1' 'VISrl' nan]
805124802,793224716,1249.99822876654,probeA,3a,29999.9574903969,True,83,372,['APN' 'NOT' 'MB' 'DG' 'CA1' 'VIS' nan]
805124804,793224716,1249.99625741776,probeB,3a,29999.9101780262,True,119,369,['Eth' 'LP' 'DG' 'CA1' 'VIS' nan]
805124806,793224716,1249.999527387225,probeC,3a,29999.9886572934,True,189,372,['SGN' 'LP' 'DG' 'SUB' 'VISp' nan]
805124809,793224716,1249.99641495535,probeD,3a,29999.9139589284,True,127,372,['CA3' 'CA2' 'CA1' 'VISal' nan]
805124812,793224716,1249.999718987,probeE,3a,29999.993255688,True,153,373,['grey' 'MB' 'CA3' 'CA2' 'CA1' 'VISal' nan]
805124815,793224716,1250.001298620685,probeF,3a,30000.0311668965,True,110,371,['MRN' 'APN' 'LP' 'DG' 'CA1' 'VISrl' nan]
805579698,799864342,1249.998374472605,probeA,3a,29999.9609873425,True,43,372,['CA1' 'VISam' nan 'COAa']
805579700,799864342,1249.996436705875,probeB,3a,29999.914480941,True,105,370,['LP' 'DG' 'CA1' 'VISmma' nan]
805579703,799864342,1249.999739539045,probeC,3a,29999.9937489371,True,123,374,['DG' 'ProS' 'SUB' 'VISp' nan]
805579706,799864342,1249.99659361006,probeD,3a,29999.9182466415,True,94,372,['CA3' 'CA2' 'CA1' 'VISl' nan]
805579710,799864342,1249.999947437095,probeE,3a,29999.9987384903,True,157,374,['LGd' 'CA3' 'DG' 'CA1' 'VISal' nan]
805579713,799864342,1250.00149686596,probeF,3a,30000.0359247831,True,82,371,['APN' 'POL' 'LP' 'DG' 'CA1' 'VISrl' nan]
805579734,797828357,1249.998563524605,probeA,3a,29999.9655245905,True,86,374,['PPT' 'MB' 'APN' 'NOT' 'HPF' 'ProS' 'CA1' 'VISam' nan]
805579738,797828357,1249.99647548505,probeB,3a,29999.9154116412,True,86,368,['APN' 'MB' 'DG' 'CA1' 'VISpm' nan]
805579741,797828357,1249.999797184685,probeC,3a,29999.9951324325,True,196,373,['LP' 'DG' 'ProS' 'SUB' 'VISp' nan]
805579745,797828357,1249.9965992503,probeD,3a,29999.9183820072,True,87,372,['CA3' 'CA2' 'CA1' 'VISl' nan]
805579749,797828357,1249.99997671346,probeE,3a,29999.999441123,True,88,373,['ZI' 'IntG' 'IGL' 'CA3' 'DG' 'CA1' 'VISal' nan]
805579753,797828357,1250.001549860335,probeF,3a,30000.037196648,True,68,372,['APN' 'POL' 'LP' 'DG' 'CA1' 'VISrl' nan]
810753195,760345702,1249.99859209211,probeA,3a,29999.9662102106,True,78,374,['APN' 'LP' 'MB' 'DG' 'CA1' 'VISam' nan]
810753197,760345702,1249.996517142535,probeB,3a,29999.9164114209,True,89,370,['LP' 'DG' 'CA3' 'CA1' 'VISpm' nan]
810753199,760345702,1249.999758432185,probeC,3a,29999.9942023725,True,147,373,['LGd' 'DG' 'CA3' 'CA1' 'VISp' nan]
810753201,760345702,1249.99662635041,probeD,3a,29999.9190324098,True,67,374,['grey' 'CA3' 'CA2' 'CA1' 'VISl' nan]
810753203,760345702,1249.999863271745,probeE,3a,29999.9967185219,True,120,371,['MB' 'TH' 'PP' 'PIL' 'DG' 'CA3' 'CA1' 'VISal' nan]
810755797,715093703,1249.998118585235,probeA,3a,29999.9548460456,True,78,374,['APN' 'MB' 'DG' 'CA1' 'VISam' nan]
810755799,715093703,1249.996096574815,probeB,3a,29999.9063177956,True,167,369,['grey' 'VISpm' nan]
810755801,715093703,1249.999394567375,probeC,3a,29999.9854696171,True,259,372,['PO' 'PoT' 'LP' 'DG' 'CA1' 'VISp' nan]
810755803,715093703,1249.996170834245,probeD,3a,29999.9081000219,True,125,369,['LGd' 'CA3' 'DG' 'CA1' 'VISl' nan]
810755805,715093703,1249.999403303625,probeE,3a,29999.985679287,True,190,364,['PO' 'LP' 'LGd' 'CA3' 'DG' 'CA1' 'VISrl' nan]
810755807,715093703,1250.00116805718,probeF,3a,30000.0280333723,True,65,371,['CA1' 'VISrl' nan]
810758777,794812542,1249.998388019415,probeA,3a,29999.961312466,True,250,371,['SCig' 'MB' 'NOT' 'HPF' 'SUB' 'ProS' 'CA1' 'VISam' nan]
810758779,794812542,1249.996384789705,probeB,3a,29999.9132349529,True,126,369,['POL' 'LP' 'DG' 'ProS' 'VISpm' nan]
810758781,794812542,1249.999673674305,probeC,3a,29999.9921681834,True,171,373,['LP' 'DG' 'POST' 'SUB' 'VISp' nan]
810758783,794812542,1249.99653001318,probeD,3a,29999.9167203163,True,141,372,['CA3' 'CA2' 'CA1' 'VISl' nan]
810758785,794812542,1249.999814626505,probeE,3a,29999.9955510361,True,181,374,['PIL' 'MGm' 'MGv' 'MGd' 'DG' 'CA3' 'CA1' 'VISal' nan]
810758787,794812542,1250.00144198369,probeF,3a,30000.0346076086,True,136,370,['MB' 'APN' 'DG' 'CA1' 'VISrl' nan]
820311754,819186360,1249.99880232444,probeA,3a,29999.9712557865,True,81,345,['SCiw' 'SCig' 'NOT' 'MB' 'SCop' 'HPF' 'SUB' 'VISam' nan]
820311756,819186360,1249.996794808345,probeB,3a,29999.9230754002,True,20,242,['DG' 'CA1' 'VISpm' nan]
820311760,819186360,1249.996867420625,probeD,3a,29999.924818095,True,125,369,['CA3' 'DG' 'CA1' 'VISl' nan]
820311762,819186360,1250.000194771775,probeE,3a,30000.0046745226,True,165,369,['LP' 'LGd' 'CA3' 'DG' 'CA1' 'VISrl' nan]
820311764,819186360,1250.00184776907,probeF,3a,30000.0443464577,True,140,371,['APN' 'POL' 'LP' 'DG' 'CA1' 'VISrl' nan]
822645893,821695405,1249.998525468025,probeA,3a,29999.9646112326,True,65,374,['grey' 'VISam' nan]
822645895,821695405,1249.99652202784,probeB,3a,29999.9165286682,True,135,371,['LP' 'DG' 'CA1' 'VISpm' nan]
822645897,821695405,1249.999866718505,probeC,3a,29999.9968012441,True,59,370,['grey' 'VISp' nan]
822645899,821695405,1249.99655998776,probeD,3a,29999.9174397063,True,153,370,['LGv' 'TH' 'DG' 'CA3' 'CA1' 'ProS' 'VISl' nan]
822645901,821695405,1249.999946856115,probeE,3a,29999.9987245467,True,62,371,['LGd' 'CA3' 'DG' 'CA1' 'VISal' nan]
832129149,829720705,1249.99846003718,probeA,3a,29999.9630408923,True,92,357,['CA1' 'VISam' nan 'COApm' 'OLF' 'BMAa']
832129154,829720705,1249.99984323732,probeC,3a,29999.9962376956,True,67,373,['SCig' 'SCop' 'SCsg' 'SCzo' 'POST' 'VISp' nan]
832129157,829720705,1249.996636727905,probeD,3a,29999.9192814697,True,129,368,['CA3' 'DG' 'CA1' 'VISl' nan]
832129159,829720705,1249.999885152475,probeE,3a,29999.9972436594,True,104,371,['CA3' 'DG' 'CA1' 'VISal' nan]
832129161,829720705,1250.00159948234,probeF,3a,30000.0383875762,True,137,372,['grey' 'DG' 'CA1' 'VISrl' nan]
832810573,831882777,1249.99867930076,probeA,3a,29999.9683032182,True,117,370,['MB' 'APN' 'PPT' 'NOT' 'DG' 'ProS' 'CA1' 'VISam' nan]
832810576,831882777,1249.99670166897,probeB,3a,29999.9208400553,True,129,374,['APN' 'MB' 'NOT' 'DG' 'ProS' 'CA1' 'VISpm' nan]
832810578,831882777,1250.00006748722,probeC,3a,30000.0016196932,True,86,369,['MB' 'SCig' 'POST' 'SUB' 'HPF' 'VISp' nan]
832810580,831882777,1249.99685970866,probeD,3a,29999.9246330078,True,129,370,['grey' 'VISl' nan]
832810582,831882777,1250.000058944535,probeE,3a,30000.0014146688,True,52,372,['CA1' 'VISal' nan]
832810584,831882777,1250.001648213235,probeF,3a,30000.0395571176,False,144,372,['grey' 'DG' 'CA1' 'VISrl' nan]
836943713,816200189,1249.99867331631,probeA,3a,29999.9681595915,True,102,372,['MRN' 'APN' 'MB' 'DG' 'CA1' 'VISam' nan]
836943715,816200189,1249.996631662755,probeB,3a,29999.9191599061,True,136,371,['LP' 'DG' 'CA1' 'VISpm' nan]
836943717,816200189,1249.99996010562,probeC,3a,29999.9990425349,True,141,373,['SGN' 'LP' 'DG' 'SUB' 'VISp' nan]
836943719,816200189,1249.99674117674,probeD,3a,29999.9217882418,True,99,370,['CA3' 'DG' 'CA1' 'VISl' nan]
836943721,816200189,1250.00008526446,probeE,3a,30000.002046347,True,156,371,['VPM' 'RT' 'LGv' 'IGL' 'CA3' 'CA2' 'CA1' 'VIS' nan]
836962814,819701982,1249.99873245174,probeA,3a,29999.9695788418,True,156,371,['MB' 'SCiw' 'SCig' 'PPT' 'NOT' 'SUB' 'ProS' 'CA1' 'VISam' nan]
836962816,819701982,1249.99671425263,probeB,3a,29999.9211420631,True,46,368,['DG' 'CA1' 'VISam' nan]
836962820,819701982,1249.99685050236,probeD,3a,29999.9244120566,True,103,370,['CA3' 'DG' 'CA1' 'VISl' nan]
836962822,819701982,1250.000060886595,probeE,3a,30000.0014612783,True,85,370,['LGd' 'CA3' 'DG' 'CA1' 'VISrl' nan]
836962824,819701982,1250.00176400821,probeF,3a,30000.042336197,True,195,373,['APN' 'MB' 'POL' 'SGN' 'LP' 'TH' 'DG' 'CA3' 'CA1' 'VISrl' nan]
837761708,835479236,1249.99682665422,probeB,3a,29999.9238397013,True,95,374,['LP' 'DG' 'CA1' 'VISmmp' nan]
837761710,835479236,1250.000058331995,probeC,3a,30000.0013999679,True,113,369,['SCiw' 'SCig' 'SCop' 'SCsg' 'SCzo' nan 'VISp']
837761712,835479236,1249.99693309947,probeD,3a,29999.9263943873,True,126,370,['CA3' 'DG' 'CA1' 'ProS' 'VISl' nan]
837761714,835479236,1250.000130714765,probeE,3a,30000.0031371544,True,96,372,['CA1' 'VISal' nan]
837761716,835479236,1250.00185087,probeF,3a,30000.04442088,True,152,372,['LGd' 'CA3' 'DG' 'CA1' 'VISrl' nan]
841431754,840012044,1250.011735307055,probeA,PXI,30000.2816473693,True,92,383,['APN' 'DG' 'CA1' 'VISam' nan]
841431758,840012044,1250.011722633025,probeD,PXI,30000.2813431926,True,107,383,['LGv' 'IGL' 'TH' 'CA3' 'DG' 'CA1' 'VISl' nan]
868297127,840012044,1250.009618744005,probeB,PXI,30000.2308498562,True,143,383,['LP' 'DG' 'CA1' 'VISpm' nan]
868297129,840012044,1250.012563343695,probeC,PXI,30000.3015202487,True,123,383,['DG' 'CA1' 'VISp' nan]
868297131,840012044,1250.012732330765,probeE,PXI,30000.3055759384,True,181,383,['MGv' 'MGd' 'TH' 'DG' 'CA3' 'CA1' 'VISrl' nan]
868297133,840012044,1250.010788979465,probeF,PXI,30000.2589355071,True,112,383,['LP' 'DG' 'CA1' 'VISrl' nan]
841435557,839068429,1250.01201899676,probeA,PXI,30000.2884559222,True,99,383,['APN' 'LP' 'MB' 'DG' 'CA1' 'VISam' nan]
841435559,839068429,1250.01201899676,probeD,PXI,30000.2884559222,True,113,383,['CA3' 'DG' 'CA1' 'VISl' nan]
868929135,839068429,1250.010010077,probeB,PXI,30000.2402418479,True,157,383,['LP' 'DG' 'CA1' 'VISpm' nan]
868929138,839068429,1250.012913236405,probeC,PXI,30000.3099176737,True,132,383,['DG' 'ProS' 'SUB' 'VISp' nan]
868929140,839068429,1250.013062969555,probeE,PXI,30000.3135112693,True,127,383,['DG' 'CA1' 'VIS' nan]
868929142,839068429,1250.0111621904,probeF,PXI,30000.2678925696,True,114,383,['LP' 'LGd' 'TH' 'DG' 'CA3' 'CA1' 'VISrl' nan]
846401828,839557629,,probeA,3a,29999.9581650472,False,77,368,['APN' 'NOT' 'MB' 'DG' 'CA1' 'VISam' nan]
846401830,839557629,,probeB,3a,29999.9111675708,False,61,372,['DG' 'CA1' 'VISpm' nan]
846401834,839557629,,probeC,3a,0.0,False,134,373,['LGd' 'TH' 'DG' 'CA1' 'ProS' 'VISp' nan]
846401838,839557629,,probeD,3a,29999.9143555834,False,101,369,['DG' 'CA1' 'VISl' nan]
846401841,839557629,,probeE,3a,29999.9912792429,False,77,371,['LGd' 'CA3' 'CA2' 'CA1' 'VISal' nan]
848037568,847657808,1250.01175933197,probeA,PXI,30000.2822239673,True,248,383,['APN' 'NOT' 'DG' 'HPF' 'ProS' 'CA1' 'VISam' nan]
848037570,847657808,1250.00976118084,probeB,PXI,30000.2342683402,True,148,383,['APN' 'MB' 'NOT' 'DG' 'ProS' 'VISpm' nan]
848037572,847657808,1250.012584100735,probeC,PXI,30000.3020184177,True,89,383,['DG' 'POST' 'SUB' 'VISp' nan]
848037574,847657808,1250.011776337515,probeD,PXI,30000.2826321003,True,155,383,['DG' 'CA3' 'CA1' 'VISl' nan]
848037576,847657808,1250.0128264297,probeE,PXI,30000.3078343129,True,89,383,['MGd' 'TH' 'DG' 'CA3' 'CA1' 'VISal' nan]
848037578,847657808,1250.011002585375,probeF,PXI,30000.264062049,True,145,383,['SGN' 'LP' 'TH' 'DG' 'CA1' 'VISrl' nan]
